question,answer,predicted_answer_gpt4
Restaurants in New Orleans with more than 4 that deliver food?,"Following restaurants in New Orleans deliver food and have a star rating above 4: Copper Vine, Ann Becnel Companion Dogs, The Music Box Village, Tat Starz, The Bearded Lady Barbershop, Ernie's Tours, Brooms N Buckets, De Ville Coffee House & Creperie, No Rules Fashion, Voodoo Authentica, Century Girl, Yoga at the Cabildo, District Donuts Sliders Brew, CrossFit NOLA, Katie's Restaurant & Bar, New Orleans Boxing Club, Treasure Tattoo, Sweet Soulfood, Skully'z Recordz, The Voodoo Bone Lady Tours, Imperial Woodpecker Snoballs, Buff Beauty Bar, Pho Cam Ly, Savage Beauty Salon, Preservation Hall, Revival, Nola Tan, 21st Amendment at La Louisiane, Pa Pa Pralines, Aart Accent Tattoo & Piercing, Greenwood Funeral Home, Abba Movers, Drury Plaza Hotel New Orleans, Strange True Tours, Wayward Owl Brewing, Empire Bar, The Green Project, Leggio Dental Group, Bittersweet Confections, Lost and Found, The Quarter Stitch, SHINE Spa & Specialties, Hermann-Grima House, Eat-well Food Mart, Earth Odyssey, Blanc Beauty Bar, Secondline Arts And Antiques, The Fudgery, Webb's Bywater Music, Lush Fresh Handmade Cosmetics, Erzulie's, Ice Cream 504, Jazz Daiquiri Lounge, Mammoth Espresso","Based on the information provided, SWEGS Kitchen - Mid-City in New Orleans, LA offers delivery and has a rating of 4.0. However, there are no other restaurants mentioned in the context that are located in New Orleans, have a rating of more than 4, and offer delivery."
Restaurants in New Orleans with more than 4.5 rating that offers Outdoor Seating?,"Following restaurants in New Orleans offer Outdoor Seating and have a star rating above 4.5: Ann Becnel Companion Dogs, The Music Box Village, Ernie's Tours, Brooms N Buckets, Century Girl, CrossFit NOLA, New Orleans Boxing Club, Treasure Tattoo, Savage Beauty Salon, Revival, Webb's Bywater Music, Ice Cream 504","Based on the information provided, there are no restaurants in New Orleans with a rating higher than 4.5 that offer outdoor seating."
Restaurants in Franklin with more than 4.5 rating that offers Outdoor Seating?,There are no restaurants in Franklin that offer Outdoor Seating and have a star rating above 4.5.,"I'm sorry, but the information provided does not include any restaurants in Franklin with a rating of more than 4.5 that offer outdoor seating."
Restaurants in Santa Barbara with more than 4.5 rating that offers Outdoor Seating?,"Following restaurants in Santa Barbara offer Outdoor Seating and have a star rating above 4.5: Dawna Ara, DACM, LAc, Hair By Audrey Johnson, Urban Optics Optometric Center, Imagine Weddings & Special Events, Santa Barbara Frame Shop & Gallery, MICHAEL & ANNA COSTA PHOTOGRAPHY, Santa Barbara PC Mechanic, Chandler Salon, ParadICE Hawaiian Shave Ice & Ice Cream, Mission Tuxedos, Daves Dogs - Cart, TRiMM Salon Color Bar, Tax Offices of Joel Perez, EA, Gavin Roy Presents, The Narrative Loft, Pedego Electric Bikes Santa Barbara, Twisted Twig Fine Florals, Alston Face & Body","I'm sorry, but based on the information provided, there are no restaurants in Santa Barbara with a rating higher than 4.5 that offer outdoor seating."
Restaurants in Franklin with more than 4.5 rating that offers take outs?,There are no restaurants in Franklin that offer take outs and have a star rating above 4.5.,"I'm sorry, but the information provided does not include any restaurants in Franklin with a rating of more than 4.5 that offer takeouts."
Restaurants in Santa Barbara with more than 4.5 rating that offers take outs?,"Following restaurants in Santa Barbara offer take outs and have a star rating above 4.5: Dawna Ara, DACM, LAc, Hair By Audrey Johnson, Urban Optics Optometric Center, Imagine Weddings & Special Events, Santa Barbara Frame Shop & Gallery, MICHAEL & ANNA COSTA PHOTOGRAPHY, Santa Barbara PC Mechanic, Chandler Salon, ParadICE Hawaiian Shave Ice & Ice Cream, Mission Tuxedos, Daves Dogs - Cart, TRiMM Salon Color Bar, Tax Offices of Joel Perez, EA, Gavin Roy Presents, The Narrative Loft, Pedego Electric Bikes Santa Barbara, Twisted Twig Fine Florals, Alston Face & Body","I'm sorry, but based on the information provided, there are no restaurants in Santa Barbara with a rating higher than 4.5 that offer take outs."
Restaurants in Saint Petersburg with more than 4.5 rating that offers take outs?,"Following restaurants in Saint Petersburg offer take outs and have a star rating above 4.5: Boyd Hill Nature Preserve, Simply Delicious - Country Market & Deli","Based on the information provided, there are no restaurants in Saint Petersburg, FL with a rating higher than 4.5 that offer takeout."
Restaurants in Nashville that serve Thai above 3 stars,"Following are restaurants in Nashville that serve Thai and have above 3 stars ratings:Siam Cafe,The Smiling Elephant,Thai Taste Restaurant",The restaurants in Nashville that serve Thai food and have a rating above 3 stars are Thai Taste Restaurant and Siam Cafe. Thai Taste Restaurant has a rating of 4.0 based on 32 reviews. Siam Cafe also has a rating of 4.0 but based on 141 reviews.
Restaurants in New Orleans that serve Chinese above 3 stars,"Following restaurants in New Orleans serve Chinese and have a star rating more than 3: Bullard Seafood and Grill, Boiling Pot","I'm sorry, but the information provided does not include any Chinese restaurants in New Orleans with a rating above 3 stars."
Restaurants in New Orleans that serve Pizza above 3 stars,"Following restaurants in New Orleans serve Chinese and have a star rating more than 3: 'Mellow Mushroom', 'Blaze Pizza', 'Garage Pizza', 'SWEGS Kitchen - Mid-City', 'Cafe Nino', 'Favela Chic'","The restaurants in New Orleans that serve Pizza and have a rating above 3 stars are:

1. Garage Pizza: It has a 4.0 rating and offers American (New), Sandwiches, and Pizza.

2. Cafe Nino: It has a 4.0 rating and offers Pizza, Italian, and American (Traditional) food.

3. Favela Chic: It has a 3.5 rating and offers Chicken Wings, Mexican, Pizza, and Tacos."
Restaurants in Franklin that deliver food,Here's one restaurant in Franklin that delivers food - Granite City Food & Brewery,"Granite City Food & Brewery in Franklin, TN offers food delivery."
Give me 4 restaurants from city Santa Barbara,"Following restaurants are from Santa Barbara: 'The Barber Shop', 'Our Daily Bread','Urban Optics Optometric Center','Best Western Plus Pepper Tree Inn',","The four places from Santa Barbara mentioned are:

1. HOME Santa Barbara - A home and garden store that also offers food.
2. West Beach Inn, a Coast Hotel - A hotel that also offers food services.
3. Best Western Plus Pepper Tree Inn - Another hotel that offers food services.
4. Islands Restaurant - A restaurant that offers a variety of food including burgers and American (New) cuisine."
5 Star restaurant in Nashville,I found following Retaurants in Nashville that have 5 star reviews form users Float Nashville and Watermark Restaurant,"Based on the information provided, neither Cafe DbyD nor Watermark Restaurant in Nashville, TN have a 5-star rating. Cafe DbyD has a 4.5-star rating and Watermark Restaurant has a 4.0-star rating."
5 Star restaurant in Santa Barbara with Chinese cuisine,"Following restaurant in Santa Barbara that serve Chinese amd have 5 star rating -  Dawna Ara, 'DACM,  LAc","I'm sorry, but the China Bowl & State Street Cafe in Santa Barbara, CA, which offers Chinese cuisine, has an overall rating of 2.0 based on 61 reviews. It's not a 5-star restaurant."
Italian restaurant in city St Pete Beach state FL,Following restaurant in St Pete Beach state FL - Carino's Italian Ristorante,"The Italian restaurant in St Pete Beach, FL is Carino's Italian Ristorante. It has a 4.0 rating based on 133 reviews. The restaurant offers Italian food and has several attributes such as catering, good for kids, bike parking, takeout, business parking, alcohol, noise level, credit card acceptance, good for groups, WiFi, reservations, ambience, outdoor seating, delivery, and TV. It does not lack any attributes. The restaurant's operating hours are not specified."
Give me Italian restaurant in city Wilmington state DE that has 4.0 rating,Following restaurant in St Pete Beach state FL - Ristorante Attilio,"There are two Italian restaurants in Wilmington, DE that have a 4.0 rating. These are Ristorante Attilio and Cafe Napoli Restaurant & Pizzeria."
Chinese restaurant in Nashville with alcohol availability,Following restaurants in Nashville serve alcohol: China Spring,The Chinese restaurant in Nashville with alcohol availability is China Spring.
Restaurants in Santa Barbara with less that 3 stars serving Chinese,China Bowl & State Street Cafe deliver chinese food and has less than 3 rating in Santa Barbara,"One restaurant in Santa Barbara, CA that serves Chinese food and has less than 3 stars is China Bowl & State Street Cafe. It has a 2.0 rating based on 61 reviews."
"Restaurants in city Nashville state TN serving Beer, Wine above 3 stars","Following restaurans in Nashville - Tennessee Brew Works and Midtown Corkdorks Wine, Spirits & Beer","Based on the information provided, there are two restaurants in Nashville, TN that serve beer and wine and have a rating above 3 stars:

1. Midtown Corkdorks Wine, Spirits & Beer: This place has a 4.0 rating based on 117 reviews. It offers food, shopping, tobacco shops, beer, wine & spirits. It has various attributes like business parking, accepts credit cards, bike parking, restaurants price range 2, happy hour, wheelchair accessible, restaurants delivery, caters, and restaurants take out.

2. Tennessee Brew Works: This restaurant has a 4.5 rating based on 421 reviews. It offers breweries, venues & event spaces, beer bar, food, pubs, tours, nightlife, restaurants, event planning & services, hotels & travel, bars, beer tours, arts & entertainment, American (Traditional), gastropubs, music venues, American (New) food. It has various attributes like restaurants price range 2, accepts credit cards, bike parking, restaurants reservations, restaurants attire, restaurants table service, by appointment only, good for groups, caters, good for meal, music, restaurants take out, outdoor seating, ambience, wheelchair accessible, good for dancing, WiFi, dogs allowed, alcohol, accepts bitcoin, noise level, good for kids, restaurants delivery, business parking, has TV, happy hour."
