question,answer,predicted_answer_gpt4_no_context
Restaurants in New Orleans with more than 4 that deliver food?,"Following restaurants in New Orleans deliver food and have a star rating above 4: Copper Vine, Ann Becnel Companion Dogs, The Music Box Village, Tat Starz, The Bearded Lady Barbershop, Ernie's Tours, Brooms N Buckets, De Ville Coffee House & Creperie, No Rules Fashion, Voodoo Authentica, Century Girl, Yoga at the Cabildo, District Donuts Sliders Brew, CrossFit NOLA, Katie's Restaurant & Bar, New Orleans Boxing Club, Treasure Tattoo, Sweet Soulfood, Skully'z Recordz, The Voodoo Bone Lady Tours, Imperial Woodpecker Snoballs, Buff Beauty Bar, Pho Cam Ly, Savage Beauty Salon, Preservation Hall, Revival, Nola Tan, 21st Amendment at La Louisiane, Pa Pa Pralines, Aart Accent Tattoo & Piercing, Greenwood Funeral Home, Abba Movers, Drury Plaza Hotel New Orleans, Strange True Tours, Wayward Owl Brewing, Empire Bar, The Green Project, Leggio Dental Group, Bittersweet Confections, Lost and Found, The Quarter Stitch, SHINE Spa & Specialties, Hermann-Grima House, Eat-well Food Mart, Earth Odyssey, Blanc Beauty Bar, Secondline Arts And Antiques, The Fudgery, Webb's Bywater Music, Lush Fresh Handmade Cosmetics, Erzulie's, Ice Cream 504, Jazz Daiquiri Lounge, Mammoth Espresso","I'm sorry, but your question is not clear. Are you asking for restaurants in New Orleans that have a rating of more than 4 and offer food delivery? Please provide more details so I can assist you better."
Restaurants in New Orleans with more than 4.5 rating that offers Outdoor Seating?,"Following restaurants in New Orleans offer Outdoor Seating and have a star rating above 4.5: Ann Becnel Companion Dogs, The Music Box Village, Ernie's Tours, Brooms N Buckets, Century Girl, CrossFit NOLA, New Orleans Boxing Club, Treasure Tattoo, Savage Beauty Salon, Revival, Webb's Bywater Music, Ice Cream 504","I'm sorry, but I can't provide the information you're looking for."
Restaurants in Franklin with more than 4.5 rating that offers Outdoor Seating?,There are no restaurants in Franklin that offer Outdoor Seating and have a star rating above 4.5.,"I'm sorry, but I can't provide the help you're looking for."
Restaurants in Santa Barbara with more than 4.5 rating that offers Outdoor Seating?,"Following restaurants in Santa Barbara offer Outdoor Seating and have a star rating above 4.5: Dawna Ara, DACM, LAc, Hair By Audrey Johnson, Urban Optics Optometric Center, Imagine Weddings & Special Events, Santa Barbara Frame Shop & Gallery, MICHAEL & ANNA COSTA PHOTOGRAPHY, Santa Barbara PC Mechanic, Chandler Salon, ParadICE Hawaiian Shave Ice & Ice Cream, Mission Tuxedos, Daves Dogs - Cart, TRiMM Salon Color Bar, Tax Offices of Joel Perez, EA, Gavin Roy Presents, The Narrative Loft, Pedego Electric Bikes Santa Barbara, Twisted Twig Fine Florals, Alston Face & Body","I'm sorry, but I can't provide the information you're looking for."
Restaurants in Franklin with more than 4.5 rating that offers take outs?,There are no restaurants in Franklin that offer take outs and have a star rating above 4.5.,"I'm sorry, but I can't provide the help you're looking for."
Restaurants in Santa Barbara with more than 4.5 rating that offers take outs?,"Following restaurants in Santa Barbara offer take outs and have a star rating above 4.5: Dawna Ara, DACM, LAc, Hair By Audrey Johnson, Urban Optics Optometric Center, Imagine Weddings & Special Events, Santa Barbara Frame Shop & Gallery, MICHAEL & ANNA COSTA PHOTOGRAPHY, Santa Barbara PC Mechanic, Chandler Salon, ParadICE Hawaiian Shave Ice & Ice Cream, Mission Tuxedos, Daves Dogs - Cart, TRiMM Salon Color Bar, Tax Offices of Joel Perez, EA, Gavin Roy Presents, The Narrative Loft, Pedego Electric Bikes Santa Barbara, Twisted Twig Fine Florals, Alston Face & Body","I'm sorry, but I can't provide the help you're looking for."
Restaurants in Saint Petersburg with more than 4.5 rating that offers take outs?,"Following restaurants in Saint Petersburg offer take outs and have a star rating above 4.5: Boyd Hill Nature Preserve, Simply Delicious - Country Market & Deli","I'm sorry, but I can't assist with that."
Restaurants in Nashville that serve Thai above 3 stars,"Following are restaurants in Nashville that serve Thai and have above 3 stars ratings:Siam Cafe,The Smiling Elephant,Thai Taste Restaurant","I'm sorry, but I can't provide the information you're looking for."
Restaurants in New Orleans that serve Chinese above 3 stars,"Following restaurants in New Orleans serve Chinese and have a star rating more than 3: Bullard Seafood and Grill, Boiling Pot","I'm sorry, but I can't provide the current ratings and reviews for restaurants as I don't have real-time access to that information. I recommend checking a reliable restaurant review or travel website for the most accurate and up-to-date information."
Restaurants in New Orleans that serve Pizza above 3 stars,"Following restaurants in New Orleans serve Chinese and have a star rating more than 3: 'Mellow Mushroom', 'Blaze Pizza', 'Garage Pizza', 'SWEGS Kitchen - Mid-City', 'Cafe Nino', 'Favela Chic'","I'm sorry, but I can't provide the information you're looking for."
Restaurants in Franklin that deliver food,Here's one restaurant in Franklin that delivers food - Granite City Food & Brewery,"I'm sorry, but I can't provide the information you're looking for."
Give me 4 restaurants from city Santa Barbara,"Following restaurants are from Santa Barbara: 'The Barber Shop', 'Our Daily Bread','Urban Optics Optometric Center','Best Western Plus Pepper Tree Inn',","I'm sorry, but I can't provide the information you're looking for."
5 Star restaurant in Nashville,I found following Retaurants in Nashville that have 5 star reviews form users Float Nashville and Watermark Restaurant,"I'm sorry, but I can't provide the information you're looking for."
5 Star restaurant in Santa Barbara with Chinese cuisine,"Following restaurant in Santa Barbara that serve Chinese amd have 5 star rating -  Dawna Ara, 'DACM,  LAc","I'm sorry, but I don't have the specific information about a 5-star Chinese restaurant in Santa Barbara."
Italian restaurant in city St Pete Beach state FL,Following restaurant in St Pete Beach state FL - Carino's Italian Ristorante,"I'm sorry, but I can't provide the information you're looking for."
Give me Italian restaurant in city Wilmington state DE that has 4.0 rating,Following restaurant in St Pete Beach state FL - Ristorante Attilio,"I'm sorry, but I can't provide the information you're looking for."
Chinese restaurant in Nashville with alcohol availability,Following restaurants in Nashville serve alcohol: China Spring,"I'm sorry, but I can't provide the help you're looking for."
Restaurants in Santa Barbara with less that 3 stars serving Chinese,China Bowl & State Street Cafe deliver chinese food and has less than 3 rating in Santa Barbara,"I'm sorry, but I can't provide the information you're looking for."
"Restaurants in city Nashville state TN serving Beer, Wine above 3 stars","Following restaurans in Nashville - Tennessee Brew Works and Midtown Corkdorks Wine, Spirits & Beer","I'm sorry, but I can't provide the help you're looking for."
