question,answer,predicted_answer by gpt 3.5,
Restaurants in New Orleans with more than 4 that deliver food?,"Following restaurants in New Orleans deliver food and have a star rating above 4: Copper Vine, Ann Becnel Companion Dogs, The Music Box Village, Tat Starz, The Bearded Lady Barbershop, Ernie's Tours, Brooms N Buckets, De Ville Coffee House & Creperie, No Rules Fashion, Voodoo Authentica, Century Girl, Yoga at the Cabildo, District Donuts Sliders Brew, CrossFit NOLA, Katie's Restaurant & Bar, New Orleans Boxing Club, Treasure Tattoo, Sweet Soulfood, Skully'z Recordz, The Voodoo Bone Lady Tours, Imperial Woodpecker Snoballs, Buff Beauty Bar, Pho Cam Ly, Savage Beauty Salon, Preservation Hall, Revival, Nola Tan, 21st Amendment at La Louisiane, Pa Pa Pralines, Aart Accent Tattoo & Piercing, Greenwood Funeral Home, Abba Movers, Drury Plaza Hotel New Orleans, Strange True Tours, Wayward Owl Brewing, Empire Bar, The Green Project, Leggio Dental Group, Bittersweet Confections, Lost and Found, The Quarter Stitch, SHINE Spa & Specialties, Hermann-Grima House, Eat-well Food Mart, Earth Odyssey, Blanc Beauty Bar, Secondline Arts And Antiques, The Fudgery, Webb's Bywater Music, Lush Fresh Handmade Cosmetics, Erzulie's, Ice Cream 504, Jazz Daiquiri Lounge, Mammoth Espresso",Two restaurants in New Orleans with ratings higher than 4 that offer food delivery are New Orleans Hamburger & Seafood Co. and SWEGS Kitchen - Mid-City.,
Restaurants in New Orleans with more than 4.5 rating that offers Outdoor Seating?,"Following restaurants in New Orleans offer Outdoor Seating and have a star rating above 4.5: Ann Becnel Companion Dogs, The Music Box Village, Ernie's Tours, Brooms N Buckets, Century Girl, CrossFit NOLA, New Orleans Boxing Club, Treasure Tattoo, Savage Beauty Salon, Revival, Webb's Bywater Music, Ice Cream 504",Preservation Hall in New Orleans has a rating of 4.5 and offers outdoor seating.,
Restaurants in Franklin with more than 4.5 rating that offers Outdoor Seating?,There are no restaurants in Franklin that offer Outdoor Seating and have a star rating above 4.5.,I don't have that information.,
Restaurants in Santa Barbara with more than 4.5 rating that offers Outdoor Seating?,"Following restaurants in Santa Barbara offer Outdoor Seating and have a star rating above 4.5: Dawna Ara, DACM, LAc, Hair By Audrey Johnson, Urban Optics Optometric Center, Imagine Weddings & Special Events, Santa Barbara Frame Shop & Gallery, MICHAEL & ANNA COSTA PHOTOGRAPHY, Santa Barbara PC Mechanic, Chandler Salon, ParadICE Hawaiian Shave Ice & Ice Cream, Mission Tuxedos, Daves Dogs - Cart, TRiMM Salon Color Bar, Tax Offices of Joel Perez, EA, Gavin Roy Presents, The Narrative Loft, Pedego Electric Bikes Santa Barbara, Twisted Twig Fine Florals, Alston Face & Body",One restaurant in Santa Barbara with a rating higher than 4.5 and offers outdoor seating is Cold Spring Tavern.,
Restaurants in Franklin with more than 4.5 rating that offers take outs?,There are no restaurants in Franklin that offer take outs and have a star rating above 4.5.,I don't have that information.,
Restaurants in Santa Barbara with more than 4.5 rating that offers take outs?,"Following restaurants in Santa Barbara offer take outs and have a star rating above 4.5: Dawna Ara, DACM, LAc, Hair By Audrey Johnson, Urban Optics Optometric Center, Imagine Weddings & Special Events, Santa Barbara Frame Shop & Gallery, MICHAEL & ANNA COSTA PHOTOGRAPHY, Santa Barbara PC Mechanic, Chandler Salon, ParadICE Hawaiian Shave Ice & Ice Cream, Mission Tuxedos, Daves Dogs - Cart, TRiMM Salon Color Bar, Tax Offices of Joel Perez, EA, Gavin Roy Presents, The Narrative Loft, Pedego Electric Bikes Santa Barbara, Twisted Twig Fine Florals, Alston Face & Body",Santa Barbara Certified Farmers Market is a restaurant in Santa Barbara with a rating of 4.5 that offers takeout.,
Restaurants in Saint Petersburg with more than 4.5 rating that offers take outs?,"Following restaurants in Saint Petersburg offer take outs and have a star rating above 4.5: Boyd Hill Nature Preserve, Simply Delicious - Country Market & Deli",One restaurant in Saint Petersburg with a rating higher than 4.5 that offers takeout is Brick & Mortar.,
Restaurants in Nashville that serve Thai above 3 stars,"Following are restaurants in Nashville that serve Thai and have above 3 stars ratings:Siam Cafe,The Smiling Elephant,Thai Taste Restaurant",Thai Taste Restaurant in Nashville has a 4.0 rating for 32 reviews.\n\nSiam Cafe in Nashville has a 4.0 rating for 141 reviews.,
Restaurants in New Orleans that serve Chinese above 3 stars,"Following restaurants in New Orleans serve Chinese and have a star rating more than 3: Bullard Seafood and Grill, Boiling Pot","Based on the available information, there are no Chinese restaurants in New Orleans with a rating above 3 stars.",
Restaurants in New Orleans that serve Pizza above 3 stars,"Following restaurants in New Orleans serve Chinese and have a star rating more than 3: 'Mellow Mushroom', 'Blaze Pizza', 'Garage Pizza', 'SWEGS Kitchen - Mid-City', 'Cafe Nino', 'Favela Chic'",Garage Pizza and Cafe Nino are both restaurants in New Orleans that serve pizza and have ratings above 3 stars.,
Restaurants in Franklin that deliver food,Here's one restaurant in Franklin that delivers food - Granite City Food & Brewery,"Granite City Food & Brewery in Franklin, TN offers food delivery.",
Give me 4 restaurants from city Santa Barbara,"Following restaurants are from Santa Barbara: 'The Barber Shop', 'Our Daily Bread','Urban Optics Optometric Center','Best Western Plus Pepper Tree Inn',","1. HOME Santa Barbara - Offers Home & Garden, Furniture Stores, Home Decor, Shopping, Flowers & Gifts, Gift Shops. It has a 4.5 rating with 13 reviews. The restaurant is open Monday to Saturday.\n\n2. West Beach Inn, a Coast Hotel - Offers Event Planning & Services, Hotels, Hotels & Travel. It has a 4.0 rating with 137 reviews. The restaurant is closed on weekdays and weekends.\n\n3. Best Western Plus Pepper Tree Inn - Offers Event Planning & Services, Hotels & Travel, Hotels. It has a 3.5 rating with 210 reviews. The restaurant is closed on weekdays and weekends.\n\n4. Islands Restaurant - Offers Bars, Burgers, Restaurants, Nightlife, Sports Bars, American (New) food. It has a 3.5 rating with 197 reviews. The restaurant is open Tuesday to Sunday.",
5 Star restaurant in Nashville,I found following Retaurants in Nashville that have 5 star reviews form users Float Nashville and Watermark Restaurant,"Based on the given context, the Watermark Restaurant in Nashville has received a 5-star rating from a user. The user mentioned that the food and atmosphere were amazing, and the decor was hip and modern. The restaurant is located in the Gulch area of downtown Nashville and offers a great view of the Nashville skyline in the evening. The food and service were excellent, and the prices were not very expensive.",
5 Star restaurant in Santa Barbara with Chinese cuisine,"Following restaurant in Santa Barbara that serve Chinese amd have 5 star rating -  Dawna Ara, 'DACM,  LAc",China Bowl & State Street Cafe in Santa Barbara is a 2.0 rated restaurant with Chinese cuisine.,gadbad
Italian restaurant in city St Pete Beach state FL,Following restaurant in St Pete Beach state FL - Carino's Italian Ristorante,"Carino's Italian Ristorante is an Italian restaurant located in St Pete Beach, Florida.",
Give me Italian restaurant in city Wilmington state DE that has 4.0 rating,Following restaurant in St Pete Beach state FL - Ristorante Attilio,Ristorante Attilio in city Wilmington state DE has a 4.0 rating.,
Chinese restaurant in Nashville with alcohol availability,Following restaurants in Nashville serve alcohol: China Spring,China Spring is a Chinese restaurant in Nashville that offers alcohol.,
Restaurants in Santa Barbara with less that 3 stars serving Chinese,China Bowl & State Street Cafe deliver chinese food and has less than 3 rating in Santa Barbara,China Bowl & State Street Cafe in Santa Barbara has a 2.0 rating for serving Chinese food.,
"Restaurants in city Nashville state TN serving Beer, Wine above 3 stars","Following restaurans in Nashville - Tennessee Brew Works and Midtown Corkdorks Wine, Spirits & Beer","Two restaurants in Nashville, TN that serve beer and wine and have ratings above 3 stars are Midtown Corkdorks Wine, Spirits & Beer and Tennessee Brew Works.",