question,answer,predicted_answer
Restaurants in New Orleans with more than 4 that deliver food?,"Following restaurants in New Orleans deliver food and have a star rating above 4: Copper Vine, Ann Becnel Companion Dogs, The Music Box Village, Tat Starz, The Bearded Lady Barbershop, Ernie's Tours, Brooms N Buckets, De Ville Coffee House & Creperie, No Rules Fashion, Voodoo Authentica, Century Girl, Yoga at the Cabildo, District Donuts Sliders Brew, CrossFit NOLA, Katie's Restaurant & Bar, New Orleans Boxing Club, Treasure Tattoo, Sweet Soulfood, Skully'z Recordz, The Voodoo Bone Lady Tours, Imperial Woodpecker Snoballs, Buff Beauty Bar, Pho Cam Ly, Savage Beauty Salon, Preservation Hall, Revival, Nola Tan, 21st Amendment at La Louisiane, Pa Pa Pralines, Aart Accent Tattoo & Piercing, Greenwood Funeral Home, Abba Movers, Drury Plaza Hotel New Orleans, Strange True Tours, Wayward Owl Brewing, Empire Bar, The Green Project, Leggio Dental Group, Bittersweet Confections, Lost and Found, The Quarter Stitch, SHINE Spa & Specialties, Hermann-Grima House, Eat-well Food Mart, Earth Odyssey, Blanc Beauty Bar, Secondline Arts And Antiques, The Fudgery, Webb's Bywater Music, Lush Fresh Handmade Cosmetics, Erzulie's, Ice Cream 504, Jazz Daiquiri Lounge, Mammoth Espresso"," Based on the information provided, there are three restaurants in New Orleans that offer delivery:

1. New Orleans Hamburger & Seafood Co. in city Harvey state LA has 3.5 rating for 113 reviews, offers Fish & Chips, Burgers, Seafood, Restaurants food and it has attributes GoodForKids, BusinessAcceptsCreditCards, RestaurantsAttire, RestaurantsPriceRange2, RestaurantsReservations, Alcohol, HasTV, RestaurantsTakeOut, BusinessParking, Ambience, WiFi, NoiseLevel, RestaurantsGoodForGroups, OutdoorSeating, BikeParking, Caters, DriveThru, GoodForMeal, RestaurantsDelivery and lacks None.

2. Food Drunk Food Truck in city New Orleans state LA has 4.0 rating for 29 reviews, offers Event Planning & Services, Food, Barbeque, Caterers, Food Trucks, Restaurants food and it has attributes RestaurantsPriceRange2, BikeParking, BusinessParking, Caters, BusinessAcceptsCreditCards, RestaurantsDelivery, RestaurantsTakeOut and lacks None.

3. SWEGS Kitchen - Mid-City in city New Orleans state LA has 4.0 rating for 67 reviews, offers Cafes, Burgers, Comfort Food, Restaurants, American (New), Sandwiches, Breakfast & Brunch, Pizza, Gluten-Free food and it has attributes OutdoorSeating, RestaurantsReservations, Caters, GoodForKids, DogsAllowed, WheelchairAccessible, RestaurantsGoodForGroups, NoiseLevel, Ambience, DriveThru, RestaurantsTakeOut, RestaurantsDelivery, BusinessAcceptsCreditCards, RestaurantsAttire, RestaurantsTableService, BusinessParking, BikeParking, HasTV, Alcohol, WiFi, RestaurantsPriceRange2, GoodForMeal and lacks None."
Restaurants in New Orleans with more than 4.5 rating that offers Outdoor Seating?,"Following restaurants in New Orleans offer Outdoor Seating and have a star rating above 4.5: Ann Becnel Companion Dogs, The Music Box Village, Ernie's Tours, Brooms N Buckets, Century Girl, CrossFit NOLA, New Orleans Boxing Club, Treasure Tattoo, Savage Beauty Salon, Revival, Webb's Bywater Music, Ice Cream 504"," Based on the given information, there are three restaurants in New Orleans with more than 4.5 rating that offers Outdoor Seating: Preservation Hall, Zea Rotisserie and Grill, and."
Restaurants in Franklin with more than 4.5 rating that offers Outdoor Seating?,There are no restaurants in Franklin that offer Outdoor Seating and have a star rating above 4.5.," Based on the given information, there are no restaurants in Franklin with a rating higher than 4.5 that offer outdoor seating."
Restaurants in Santa Barbara with more than 4.5 rating that offers Outdoor Seating?,"Following restaurants in Santa Barbara offer Outdoor Seating and have a star rating above 4.5: Dawna Ara, DACM, LAc, Hair By Audrey Johnson, Urban Optics Optometric Center, Imagine Weddings & Special Events, Santa Barbara Frame Shop & Gallery, MICHAEL & ANNA COSTA PHOTOGRAPHY, Santa Barbara PC Mechanic, Chandler Salon, ParadICE Hawaiian Shave Ice & Ice Cream, Mission Tuxedos, Daves Dogs - Cart, TRiMM Salon Color Bar, Tax Offices of Joel Perez, EA, Gavin Roy Presents, The Narrative Loft, Pedego Electric Bikes Santa Barbara, Twisted Twig Fine Florals, Alston Face & Body"," Based on the given information, there are three restaurants in Santa Barbara with more than 4.5 rating that offer Outdoor Seating:

1. Cold Spring Tavern - 4.5 rating, offers OutdoorSeating, American (Traditional), Restaurants, Bars, Nightlife food.
2. Best Western Plus Pepper Tree Inn - 4.5 rating, offers OutdoorSeating, Event Planning & Services, Hotels & Travel, Hotels food.
3. Pepper Tree Inn - 4.5 rating, offers OutdoorSeating, Event Planning & Services, Hotels & Travel, Hotels food.

Please note that the ratings and availability of the restaurants may change over time, and it's always best to check the most recent information before making any decisions."
Restaurants in Franklin with more than 4.5 rating that offers take outs?,There are no restaurants in Franklin that offer take outs and have a star rating above 4.5.," Based on the given information, there is no restaurant in Franklin with a rating higher than 4.5 that offers takeouts. All the reviews mention that the restaurant does not offer takeouts or have any issues with the food or service."
Restaurants in Santa Barbara with more than 4.5 rating that offers take outs?,"Following restaurants in Santa Barbara offer take outs and have a star rating above 4.5: Dawna Ara, DACM, LAc, Hair By Audrey Johnson, Urban Optics Optometric Center, Imagine Weddings & Special Events, Santa Barbara Frame Shop & Gallery, MICHAEL & ANNA COSTA PHOTOGRAPHY, Santa Barbara PC Mechanic, Chandler Salon, ParadICE Hawaiian Shave Ice & Ice Cream, Mission Tuxedos, Daves Dogs - Cart, TRiMM Salon Color Bar, Tax Offices of Joel Perez, EA, Gavin Roy Presents, The Narrative Loft, Pedego Electric Bikes Santa Barbara, Twisted Twig Fine Florals, Alston Face & Body"," Based on the given information, there is only one restaurant in Santa Barbara with a rating higher than 4.5 that offers takeout, and that is HOME Santa Barbara. It has a rating of 5 and offers takeout."
Restaurants in Saint Petersburg with more than 4.5 rating that offers take outs?,"Following restaurants in Saint Petersburg offer take outs and have a star rating above 4.5: Boyd Hill Nature Preserve, Simply Delicious - Country Market & Deli"," Based on the given information, there are two restaurants in Saint Petersburg with more than 4.5 rating that offer takeouts:

1. Brick & Mortar - It has a rating of 4.5 and offers takeout.
2. Hooters - It has a rating of 4.5 and offers takeout."
Restaurants in Nashville that serve Thai above 3 stars,"Following are restaurants in Nashville that serve Thai and have above 3 stars ratings:Siam Cafe,The Smiling Elephant,Thai Taste Restaurant"," Based on the given information, there are three restaurants in Nashville that serve Thai and have a rating above 3 stars. They are Thai Taste Restaurant, Siam Cafe, and.

Please note that the ratings are based on the reviews provided and may not reflect the full range of opinions about the restaurants. Additionally, the ratings are subject to change as new reviews are added or removed."
Restaurants in New Orleans that serve Chinese above 3 stars,"Following restaurants in New Orleans serve Chinese and have a star rating more than 3: Bullard Seafood and Grill, Boiling Pot"," Based on the information provided, here are some restaurants in New Orleans that serve Chinese food and have a rating of above 3 stars:

1. Olivier's Creole Restaurant - With a rating of 3.5 stars and offering Cajun/Creole, Soul Food, and Southern cuisine, this restaurant is highly rated and worth considering.
2. August Moon Chinese Restaurant - Although it has a rating of 3 stars, the restaurant offers a wide range of Chinese, Vietnamese, and Thai dishes, and has attributes such as Caters, RestaurantsAttire, WiFi, GoodForKids, and RestaurantsReservations.

Please note that ratings can change over time, and it's always a good idea to check current ratings and reviews before visiting a restaurant."
Restaurants in New Orleans that serve Pizza above 3 stars,"Following restaurants in New Orleans serve Chinese and have a star rating more than 3: 'Mellow Mushroom', 'Blaze Pizza', 'Garage Pizza', 'SWEGS Kitchen - Mid-City', 'Cafe Nino', 'Favela Chic'"," Based on the given information, there are three restaurants in New Orleans that serve Pizza with ratings above 3 stars: Garage Pizza, Cafe Nino, and Favela Chic."
Restaurants in Franklin that deliver food,Here's one restaurant in Franklin that delivers food - Granite City Food & Brewery," Based on the reviews provided, Granite City Food & Brewery in Franklin, Tennessee offers delivery through their own delivery service. They offer a variety of American-style food, including breakfast and brunch items, burgers, sandwiches, salads, and entrees. The restaurant has a 3.5-star rating and is open Monday through Sunday. Some reviewers mentioned that the service was friendly, but one reviewer found the service to be too friendly. Additionally, some reviewers praised the beer selection, while others were disappointed with the beer."
Give me 4 restaurants from city Santa Barbara,"Following restaurants are from Santa Barbara: 'The Barber Shop', 'Our Daily Bread','Urban Optics Optometric Center','Best Western Plus Pepper Tree Inn',"," Sure! Here are four restaurants from city Santa Barbara based on the given information:

1. HOME Santa Barbara - offers Home & Garden, Furniture Stores, Home Decor, Shopping, Flowers & Gifts, Gift Shops, and has attributes WheelchairAccessible, BikeParking, BusinessAcceptsCreditCards, RestaurantsPriceRange2.
2. West Beach Inn - offers Event Planning & Services, Hotels, Hotels & Travel, and has attributes RestaurantsPriceRange2, WiFi, BusinessAcceptsCreditCards.
3. Best Western Plus Pepper Tree Inn - offers Event Planning & Services, Hotels & Travel, Hotels, and has attributes WiFi, RestaurantsPriceRange2, BusinessAcceptsCreditCards.
4. Islands Restaurant - offers Bars, Burgers, Restaurants, Nightlife, Sports Bars, American (New), and has attributes BusinessAcceptsCreditCards, Music, GoodForDancing, RestaurantsDelivery, RestaurantsPriceRange2, BikeParking, CoatCheck, RestaurantsGoodForGroups, BusinessParking, DriveThru, RestaurantsTakeOut, RestaurantsTableService, RestaurantsAttire, WiFi, GoodForKids, Caters, NoiseLevel, HasTV, HappyHour, BestNights, GoodForMeal, DogsAllowed, RestaurantsReservations, OutdoorSeating, Alcohol, Ambience."
5 Star restaurant in Nashville,I found following Retaurants in Nashville that have 5 star reviews form users Float Nashville and Watermark Restaurant," Based on the given information, there are several 5 star rated restaurants in Nashville, Tennessee. Some of the top-rated ones include Watermark Restaurant, Cafe DbyD, and Watermark Restaurant. These restaurants offer a variety of cuisines such as Southern, American, French, and Caribbean, and have attributes like business parking, good for groups, outdoor seating, and more. However, it's important to note that ratings can change over time, so it's always best to check current ratings and reviews before making a decision."
5 Star restaurant in Santa Barbara with Chinese cuisine,"Following restaurant in Santa Barbara that serve Chinese amd have 5 star rating -  Dawna Ara, 'DACM,  LAc"," Based on the reviews provided, China Bowl & State Street Cafe in Santa Barbara, CA seems to have a 2.0 rating with mixed reviews. Some users praised the restaurant's portion sizes, food quality, and ambiance, while others found the food to be mediocre or overpriced. One user recommended the shrimp lo mein with fried rice, which they found to be delicious. However, without more information about your specific preferences or needs, it is difficult to determine if China Bowl & State Street Cafe is a 5-star restaurant."
Italian restaurant in city St Pete Beach state FL,Following restaurant in St Pete Beach state FL - Carino's Italian Ristorante," Based on the provided information, Carino's Italian Ristorante in city St Pete Beach state FL has a 4.0 rating for 133 reviews, offers Italian, Restaurants food and has attributes such as Caters, GoodForKids, RestaurantsPriceRange2, BikeParking, RestaurantsTakeOut, BusinessParking, GoodForMeal, Alcohol, NoiseLevel, BusinessAcceptsCreditCards, RestaurantsAttire, RestaurantsGoodForGroups, WiFi, RestaurantsReservations, Ambience, OutdoorSeating, RestaurantsDelivery, HasTV and lacks None. The restaurant is open None. Users have given the restaurant positive reviews, highlighting the quality of the food, service, and ambiance. One user even mentioned that the restaurant is family-owned and chef-operated, adding to its charm. Overall, based on the provided information, Carino's Italian Ristorante is a highly recommended Italian restaurant in city St Pete Beach state FL."
Give me Italian restaurant in city Wilmington state DE that has 4.0 rating,Following restaurant in St Pete Beach state FL - Ristorante Attilio," Based on the information provided, there are three Italian restaurants in city Wilmington state DE with a 4.0 rating: Ristorante Attilio, Cafe Napoli Restaurant & Pizzeria, and Little Caesars Pizza."
Chinese restaurant in Nashville with alcohol availability,Following restaurants in Nashville serve alcohol: China Spring," Based on the information provided, China Spring in Nashville, Tennessee seems to be a good option for a Chinese restaurant with alcohol availability. They offer a variety of dishes, including steamed chicken and vegetables with brown sauce and brown rice, as well as chicken mai fun and wonton soup. Additionally, they have a 3.5-star rating and 33 reviews, indicating a good reputation among customers. However, it's important to note that the restaurant's hours of operation may vary, so it's best to check their website or call ahead to confirm their hours before visiting."
Restaurants in Santa Barbara with less that 3 stars serving Chinese,China Bowl & State Street Cafe deliver chinese food and has less than 3 rating in Santa Barbara," Based on the given information, there are three restaurants in Santa Barbara with less than 3 stars serving Chinese food: China Bowl & State Street Cafe, China King, and Happy Buddha. These restaurants have ratings of 2.0, 2.5, and 2.5 stars, respectively, and offer Chinese, American (New), and American (Traditional) cuisine."
"Restaurants in city Nashville state TN serving Beer, Wine above 3 stars","Following restaurans in Nashville - Tennessee Brew Works and Midtown Corkdorks Wine, Spirits & Beer"," Based on the given information, Midtown Corkdorks Wine, Spirits & Beer in city Nashville state TN has 4.0 rating for 117 reviews, offering Food, Shopping, Tobacco Shops, Beer, Wine & Spirits food, and lacks None."
